name,agreement
Josh Allen,
Jayden Daniels,
Lamar Jackson,
Jalen Hurts,
Drake Maye,
Jaxson Dart,
Dak Prescott,
Brock Purdy,
Joe Burrow,
Matthew Stafford,
Patrick Mahomes,
Bo Nix,
Trevor Lawrence,
Caleb Williams,
Jared Goff,
Kyler Murray,
Daniel Jones,
Justin Herbert,
Baker Mayfield,
Jordan Love,
Sam Darnold,
Aaron Rodgers,
Malik Willis,
Tyler Shough,
C.J. Stroud,
Bryce Young,
Cam Ward,
Geno Smith,
Jacoby Brissett,
Fernando Mendoza,
Michael Penix Jr.,
Tua Tagovailoa,
Deshaun Watson,
Shedeur Sanders,
Kirk Cousins,
Gardner Minshew II,
Cade Klubnik,
Andy Dalton,
Anthony Richardson Sr.,
Davis Mills,
Drew Lock,
J.J. McCarthy,
Jake Browning,
Jameis Winston,
Jarrett Stidham,
Joe Flacco,
Joe Milton III,
Justin Fields,
Kenny Pickett,
Kyle Allen,
Mac Jones,
Marcus Mariota,
Mason Rudolph,
Mitchell Trubisky,
Nick Mullens,
Quinn Ewers,
Spencer Rattler,
Teddy Bridgewater,
Tommy DeVito,
Trey Lance,
Ty Simpson,
Tyler Huntley,
Tyrod Taylor,
Tyson Bagent,
